{
  "https://dev-app.mewurk.com/api/v1/leaveservice/dashboard/upcomingholidaysandleaves" : {
    "transaction" : "https://dev-app.mewurk.com/api/v1/leaveservice/dashboard/upcomingholidaysandleaves",
    "sampleCount" : 25,
    "errorCount" : 6,
    "errorPct" : 24.0,
    "meanResTime" : 97814.12000000001,
    "minResTime" : 26708.0,
    "maxResTime" : 165567.0,
    "pct1ResTime" : 145923.2,
    "pct2ResTime" : 160324.19999999998,
    "pct3ResTime" : 165567.0,
    "throughput" : 0.058891289036090935,
    "receivedKBytesPerSec" : 0.04093174632106117,
    "sentKBytesPerSec" : 0.0
  },
  "https://dev-app.mewurk.com/api/v1/employeeservice/employeeprofileview/getsection/100000002078" : {
    "transaction" : "https://dev-app.mewurk.com/api/v1/employeeservice/employeeprofileview/getsection/100000002078",
    "sampleCount" : 25,
    "errorCount" : 25,
    "errorPct" : 100.0,
    "meanResTime" : 24.999999999999996,
    "minResTime" : 15.0,
    "maxResTime" : 103.0,
    "pct1ResTime" : 45.000000000000085,
    "pct2ResTime" : 92.79999999999998,
    "pct3ResTime" : 103.0,
    "throughput" : 0.4196531985966797,
    "receivedKBytesPerSec" : 0.10081512388162422,
    "sentKBytesPerSec" : 0.0
  },
  "https://dev-app.mewurk.com/api/v1/leaveservice/dashboard/leavedetailsinfo" : {
    "transaction" : "https://dev-app.mewurk.com/api/v1/leaveservice/dashboard/leavedetailsinfo",
    "sampleCount" : 25,
    "errorCount" : 25,
    "errorPct" : 100.0,
    "meanResTime" : 216769.91999999998,
    "minResTime" : 176785.0,
    "maxResTime" : 240097.0,
    "pct1ResTime" : 240090.8,
    "pct2ResTime" : 240096.4,
    "pct3ResTime" : 240097.0,
    "throughput" : 0.041408073249225255,
    "receivedKBytesPerSec" : 0.0145235581915935,
    "sentKBytesPerSec" : 0.0
  },
  "https://dev-app.mewurk.com/api/v1/userservice/recentsearch" : {
    "transaction" : "https://dev-app.mewurk.com/api/v1/userservice/recentsearch",
    "sampleCount" : 100,
    "errorCount" : 1,
    "errorPct" : 1.0,
    "meanResTime" : 800.4099999999997,
    "minResTime" : 29.0,
    "maxResTime" : 6349.0,
    "pct1ResTime" : 3171.0000000000005,
    "pct2ResTime" : 4436.749999999999,
    "pct3ResTime" : 6347.65,
    "throughput" : 0.06069843258437537,
    "receivedKBytesPerSec" : 0.06500896971087515,
    "sentKBytesPerSec" : 0.0
  },
  "https://dev-app.mewurk.com/api/v1/notificationservice/NotificationStatus/GetNotificationsCount" : {
    "transaction" : "https://dev-app.mewurk.com/api/v1/notificationservice/NotificationStatus/GetNotificationsCount",
    "sampleCount" : 25,
    "errorCount" : 0,
    "errorPct" : 0.0,
    "meanResTime" : 4357.96,
    "minResTime" : 218.0,
    "maxResTime" : 9906.0,
    "pct1ResTime" : 8062.400000000004,
    "pct2ResTime" : 9723.0,
    "pct3ResTime" : 9906.0,
    "throughput" : 0.32544032075398016,
    "receivedKBytesPerSec" : 0.10996323337976281,
    "sentKBytesPerSec" : 0.0
  },
  "https://dev-app.mewurk.com/api/v1/employeeservice/dashboard/recenthiresemployees" : {
    "transaction" : "https://dev-app.mewurk.com/api/v1/employeeservice/dashboard/recenthiresemployees",
    "sampleCount" : 25,
    "errorCount" : 0,
    "errorPct" : 0.0,
    "meanResTime" : 16408.48,
    "minResTime" : 1368.0,
    "maxResTime" : 159976.0,
    "pct1ResTime" : 64105.0000000003,
    "pct2ResTime" : 156205.9,
    "pct3ResTime" : 159976.0,
    "throughput" : 0.10206164523372117,
    "receivedKBytesPerSec" : 0.032890959889773426,
    "sentKBytesPerSec" : 0.0
  },
  "https://dev-app.mewurk.com/api/v1/attendanceservice/policy/getattendancelist" : {
    "transaction" : "https://dev-app.mewurk.com/api/v1/attendanceservice/policy/getattendancelist",
    "sampleCount" : 25,
    "errorCount" : 0,
    "errorPct" : 0.0,
    "meanResTime" : 4220.84,
    "minResTime" : 182.0,
    "maxResTime" : 6056.0,
    "pct1ResTime" : 6005.8,
    "pct2ResTime" : 6044.9,
    "pct3ResTime" : 6056.0,
    "throughput" : 2.172590597027896,
    "receivedKBytesPerSec" : 2.174712267532806,
    "sentKBytesPerSec" : 0.0
  },
  "https://dev-app.mewurk.com/api/v1/userservice/user/getuserbyemployeecode/100000002347" : {
    "transaction" : "https://dev-app.mewurk.com/api/v1/userservice/user/getuserbyemployeecode/100000002347",
    "sampleCount" : 25,
    "errorCount" : 0,
    "errorPct" : 0.0,
    "meanResTime" : 129.6,
    "minResTime" : 33.0,
    "maxResTime" : 519.0,
    "pct1ResTime" : 322.0000000000002,
    "pct2ResTime" : 477.8999999999999,
    "pct3ResTime" : 519.0,
    "throughput" : 0.29847895126435686,
    "receivedKBytesPerSec" : 0.33494934812197047,
    "sentKBytesPerSec" : 0.0
  },
  "https://dev-app.mewurk.com/api/v1/userservice/user/getuserbyemployeecode/100000001973" : {
    "transaction" : "https://dev-app.mewurk.com/api/v1/userservice/user/getuserbyemployeecode/100000001973",
    "sampleCount" : 25,
    "errorCount" : 0,
    "errorPct" : 0.0,
    "meanResTime" : 91.6,
    "minResTime" : 35.0,
    "maxResTime" : 177.0,
    "pct1ResTime" : 144.60000000000002,
    "pct2ResTime" : 167.99999999999997,
    "pct3ResTime" : 177.0,
    "throughput" : 0.3887783030604628,
    "receivedKBytesPerSec" : 0.42768650667143565,
    "sentKBytesPerSec" : 0.0
  },
  "Test" : {
    "transaction" : "Test",
    "sampleCount" : 25,
    "errorCount" : 25,
    "errorPct" : 100.0,
    "meanResTime" : 1658642.2799999998,
    "minResTime" : 1627295.0,
    "maxResTime" : 1683487.0,
    "pct1ResTime" : 1678581.8,
    "pct2ResTime" : 1682459.5,
    "pct3ResTime" : 1683487.0,
    "throughput" : 0.01484198334017054,
    "receivedKBytesPerSec" : 11.132103795295507,
    "sentKBytesPerSec" : 0.0
  },
  "https://dev-app.mewurk.com/api/v1/companyservice/officetypecommondata/getstateswithcities" : {
    "transaction" : "https://dev-app.mewurk.com/api/v1/companyservice/officetypecommondata/getstateswithcities",
    "sampleCount" : 25,
    "errorCount" : 0,
    "errorPct" : 0.0,
    "meanResTime" : 452.47999999999996,
    "minResTime" : 120.0,
    "maxResTime" : 1584.0,
    "pct1ResTime" : 1210.0000000000002,
    "pct2ResTime" : 1488.8999999999999,
    "pct3ResTime" : 1584.0,
    "throughput" : 0.342156406536556,
    "receivedKBytesPerSec" : 13.393218010942162,
    "sentKBytesPerSec" : 0.0
  },
  "https://dev-app.mewurk.com/api/v1/employeeservice/employee/getactiveemployees" : {
    "transaction" : "https://dev-app.mewurk.com/api/v1/employeeservice/employee/getactiveemployees",
    "sampleCount" : 25,
    "errorCount" : 0,
    "errorPct" : 0.0,
    "meanResTime" : 3867.2400000000002,
    "minResTime" : 1010.0,
    "maxResTime" : 11690.0,
    "pct1ResTime" : 9574.400000000007,
    "pct2ResTime" : 11627.9,
    "pct3ResTime" : 11690.0,
    "throughput" : 0.2956235883973654,
    "receivedKBytesPerSec" : 75.2486171282829,
    "sentKBytesPerSec" : 0.0
  },
  "https://dev-app.mewurk.com/api/v1/attendanceservice/policy/getassignedpolicybyemployeecode/100000001915" : {
    "transaction" : "https://dev-app.mewurk.com/api/v1/attendanceservice/policy/getassignedpolicybyemployeecode/100000001915",
    "sampleCount" : 25,
    "errorCount" : 0,
    "errorPct" : 0.0,
    "meanResTime" : 15112.840000000002,
    "minResTime" : 3487.0,
    "maxResTime" : 27169.0,
    "pct1ResTime" : 23564.600000000006,
    "pct2ResTime" : 26509.6,
    "pct3ResTime" : 27169.0,
    "throughput" : 0.13918891833507785,
    "receivedKBytesPerSec" : 0.2687270425277821,
    "sentKBytesPerSec" : 0.0
  },
  "https://dev-app.mewurk.com/api/v1/attendanceservice/dashboard/alldevicestatus" : {
    "transaction" : "https://dev-app.mewurk.com/api/v1/attendanceservice/dashboard/alldevicestatus",
    "sampleCount" : 25,
    "errorCount" : 0,
    "errorPct" : 0.0,
    "meanResTime" : 35128.68,
    "minResTime" : 13585.0,
    "maxResTime" : 52633.0,
    "pct1ResTime" : 51636.2,
    "pct2ResTime" : 52339.9,
    "pct3ResTime" : 52633.0,
    "throughput" : 0.09082520145029682,
    "receivedKBytesPerSec" : 0.032462913799617805,
    "sentKBytesPerSec" : 0.0
  },
  "https://dev-app.mewurk.com/api/v1/leaveservice/leavetype/getallleavetypes" : {
    "transaction" : "https://dev-app.mewurk.com/api/v1/leaveservice/leavetype/getallleavetypes",
    "sampleCount" : 25,
    "errorCount" : 0,
    "errorPct" : 0.0,
    "meanResTime" : 245.12,
    "minResTime" : 136.0,
    "maxResTime" : 434.0,
    "pct1ResTime" : 426.40000000000003,
    "pct2ResTime" : 433.7,
    "pct3ResTime" : 434.0,
    "throughput" : 0.4391897826888955,
    "receivedKBytesPerSec" : 0.7222613223125977,
    "sentKBytesPerSec" : 0.0
  },
  "https://dev-app.mewurk.com/api/v1/leaveservice/weeklyoffpolicy/getallweeklyoffpolicies" : {
    "transaction" : "https://dev-app.mewurk.com/api/v1/leaveservice/weeklyoffpolicy/getallweeklyoffpolicies",
    "sampleCount" : 25,
    "errorCount" : 0,
    "errorPct" : 0.0,
    "meanResTime" : 260.2399999999999,
    "minResTime" : 142.0,
    "maxResTime" : 520.0,
    "pct1ResTime" : 421.0000000000001,
    "pct2ResTime" : 501.99999999999994,
    "pct3ResTime" : 520.0,
    "throughput" : 0.4410182228729691,
    "receivedKBytesPerSec" : 0.4763341352514686,
    "sentKBytesPerSec" : 0.0
  },
  "https://dev-app.mewurk.com/api/v1/attendanceservice/device/getdevice" : {
    "transaction" : "https://dev-app.mewurk.com/api/v1/attendanceservice/device/getdevice",
    "sampleCount" : 25,
    "errorCount" : 0,
    "errorPct" : 0.0,
    "meanResTime" : 3129.76,
    "minResTime" : 527.0,
    "maxResTime" : 7326.0,
    "pct1ResTime" : 6528.400000000001,
    "pct2ResTime" : 7122.0,
    "pct3ResTime" : 7326.0,
    "throughput" : 1.8196375282043817,
    "receivedKBytesPerSec" : 4.757001624026493,
    "sentKBytesPerSec" : 0.0
  },
  "https://auditlog-microservice.azurewebsites.net/api/v1/auditlogservice/userconfig/getconfig/Dashboard" : {
    "transaction" : "https://auditlog-microservice.azurewebsites.net/api/v1/auditlogservice/userconfig/getconfig/Dashboard",
    "sampleCount" : 25,
    "errorCount" : 0,
    "errorPct" : 0.0,
    "meanResTime" : 5823.5999999999985,
    "minResTime" : 1859.0,
    "maxResTime" : 17433.0,
    "pct1ResTime" : 8797.400000000001,
    "pct2ResTime" : 14938.799999999994,
    "pct3ResTime" : 17433.0,
    "throughput" : 0.12909888974954814,
    "receivedKBytesPerSec" : 0.2442036615672605,
    "sentKBytesPerSec" : 0.0
  },
  "https://dev-app.mewurk.com/api/v1/attendanceservice/employeeface/getemployeeface/100000001973" : {
    "transaction" : "https://dev-app.mewurk.com/api/v1/attendanceservice/employeeface/getemployeeface/100000001973",
    "sampleCount" : 25,
    "errorCount" : 0,
    "errorPct" : 0.0,
    "meanResTime" : 450.4800000000001,
    "minResTime" : 161.0,
    "maxResTime" : 1406.0,
    "pct1ResTime" : 1055.200000000001,
    "pct2ResTime" : 1381.3999999999999,
    "pct3ResTime" : 1406.0,
    "throughput" : 0.39730468501684574,
    "receivedKBytesPerSec" : 0.12881362834530544,
    "sentKBytesPerSec" : 0.0
  },
  "https://dev-app.mewurk.com/api/v1/attendanceservice/employeeface/getemployeeface/100000002347" : {
    "transaction" : "https://dev-app.mewurk.com/api/v1/attendanceservice/employeeface/getemployeeface/100000002347",
    "sampleCount" : 25,
    "errorCount" : 0,
    "errorPct" : 0.0,
    "meanResTime" : 565.52,
    "minResTime" : 185.0,
    "maxResTime" : 2009.0,
    "pct1ResTime" : 1367.6000000000022,
    "pct2ResTime" : 2004.5,
    "pct3ResTime" : 2009.0,
    "throughput" : 0.37174721189591076,
    "receivedKBytesPerSec" : 0.12052741635687732,
    "sentKBytesPerSec" : 0.0
  },
  "https://dev-app.mewurk.com/api/v1/userservice/account/login" : {
    "transaction" : "https://dev-app.mewurk.com/api/v1/userservice/account/login",
    "sampleCount" : 25,
    "errorCount" : 0,
    "errorPct" : 0.0,
    "meanResTime" : 9148.840000000002,
    "minResTime" : 1492.0,
    "maxResTime" : 20583.0,
    "pct1ResTime" : 15693.200000000004,
    "pct2ResTime" : 19474.799999999996,
    "pct3ResTime" : 20583.0,
    "throughput" : 0.37639265281541706,
    "receivedKBytesPerSec" : 0.8399290264604035,
    "sentKBytesPerSec" : 0.0
  },
  "https://dev-app.mewurk.com/api/v1/employeeservice/employee/getemployees" : {
    "transaction" : "https://dev-app.mewurk.com/api/v1/employeeservice/employee/getemployees",
    "sampleCount" : 25,
    "errorCount" : 0,
    "errorPct" : 0.0,
    "meanResTime" : 2915.04,
    "minResTime" : 1418.0,
    "maxResTime" : 7699.0,
    "pct1ResTime" : 4862.000000000004,
    "pct2ResTime" : 7136.799999999998,
    "pct3ResTime" : 7699.0,
    "throughput" : 0.36525143909067,
    "receivedKBytesPerSec" : 107.33398637246881,
    "sentKBytesPerSec" : 0.0
  },
  "https://dev-app.mewurk.com/api/v1/userservice/user/getuserbyemployeecode/100000002078" : {
    "transaction" : "https://dev-app.mewurk.com/api/v1/userservice/user/getuserbyemployeecode/100000002078",
    "sampleCount" : 25,
    "errorCount" : 0,
    "errorPct" : 0.0,
    "meanResTime" : 66.59999999999998,
    "minResTime" : 31.0,
    "maxResTime" : 181.0,
    "pct1ResTime" : 136.60000000000002,
    "pct2ResTime" : 168.39999999999998,
    "pct3ResTime" : 181.0,
    "throughput" : 0.4006217649792478,
    "receivedKBytesPerSec" : 0.44570736282710766,
    "sentKBytesPerSec" : 0.0
  },
  "https://dev-app.mewurk.com/api/v1/employeeservice/dashboard/employeeonboardingoffboardinggraphstatistics" : {
    "transaction" : "https://dev-app.mewurk.com/api/v1/employeeservice/dashboard/employeeonboardingoffboardinggraphstatistics",
    "sampleCount" : 25,
    "errorCount" : 0,
    "errorPct" : 0.0,
    "meanResTime" : 38827.96000000001,
    "minResTime" : 18242.0,
    "maxResTime" : 99085.0,
    "pct1ResTime" : 63422.60000000001,
    "pct2ResTime" : 89375.19999999998,
    "pct3ResTime" : 99085.0,
    "throughput" : 0.06356228468276064,
    "receivedKBytesPerSec" : 0.03581585767768837,
    "sentKBytesPerSec" : 0.0
  },
  "https://dev-app.mewurk.com/api/v1/employeeservice/employee/getemployeeprofilelist/100000001915" : {
    "transaction" : "https://dev-app.mewurk.com/api/v1/employeeservice/employee/getemployeeprofilelist/100000001915",
    "sampleCount" : 25,
    "errorCount" : 0,
    "errorPct" : 0.0,
    "meanResTime" : 58855.560000000005,
    "minResTime" : 8812.0,
    "maxResTime" : 85839.0,
    "pct1ResTime" : 74340.20000000001,
    "pct2ResTime" : 83072.09999999999,
    "pct3ResTime" : 85839.0,
    "throughput" : 0.1550339524355834,
    "receivedKBytesPerSec" : 0.7992424169018015,
    "sentKBytesPerSec" : 0.0
  },
  "https://dev-app.mewurk.com/api/v1/attendanceservice/dashboard/myattendance" : {
    "transaction" : "https://dev-app.mewurk.com/api/v1/attendanceservice/dashboard/myattendance",
    "sampleCount" : 25,
    "errorCount" : 0,
    "errorPct" : 0.0,
    "meanResTime" : 7684.199999999997,
    "minResTime" : 359.0,
    "maxResTime" : 58545.0,
    "pct1ResTime" : 25738.600000000108,
    "pct2ResTime" : 57910.799999999996,
    "pct3ResTime" : 58545.0,
    "throughput" : 0.28393925971356204,
    "receivedKBytesPerSec" : 0.3241455025440958,
    "sentKBytesPerSec" : 0.0
  },
  "https://dev-app.mewurk.com/api/v1/employeeservice/employee/getemployeeprofilelist/100000002347" : {
    "transaction" : "https://dev-app.mewurk.com/api/v1/employeeservice/employee/getemployeeprofilelist/100000002347",
    "sampleCount" : 25,
    "errorCount" : 0,
    "errorPct" : 0.0,
    "meanResTime" : 2656.48,
    "minResTime" : 892.0,
    "maxResTime" : 6315.0,
    "pct1ResTime" : 6247.8,
    "pct2ResTime" : 6306.0,
    "pct3ResTime" : 6315.0,
    "throughput" : 0.34124102536103296,
    "receivedKBytesPerSec" : 0.5655136914430401,
    "sentKBytesPerSec" : 0.0
  },
  "https://dev-app.mewurk.com/api/v1/employeeservice/employee/getemployeeprofilelist/100000001973" : {
    "transaction" : "https://dev-app.mewurk.com/api/v1/employeeservice/employee/getemployeeprofilelist/100000001973",
    "sampleCount" : 25,
    "errorCount" : 0,
    "errorPct" : 0.0,
    "meanResTime" : 2203.08,
    "minResTime" : 961.0,
    "maxResTime" : 6437.0,
    "pct1ResTime" : 5029.0,
    "pct2ResTime" : 6041.599999999999,
    "pct3ResTime" : 6437.0,
    "throughput" : 0.3835532371893219,
    "receivedKBytesPerSec" : 0.614659045144216,
    "sentKBytesPerSec" : 0.0
  },
  "https://dev-app.mewurk.com/api/v1/employeeservice/dashboard/upcommingcelebration" : {
    "transaction" : "https://dev-app.mewurk.com/api/v1/employeeservice/dashboard/upcommingcelebration",
    "sampleCount" : 25,
    "errorCount" : 3,
    "errorPct" : 12.0,
    "meanResTime" : 83795.2,
    "minResTime" : 6498.0,
    "maxResTime" : 183350.0,
    "pct1ResTime" : 180194.2,
    "pct2ResTime" : 182512.7,
    "pct3ResTime" : 183350.0,
    "throughput" : 0.05920018186295868,
    "receivedKBytesPerSec" : 0.1430077518198136,
    "sentKBytesPerSec" : 0.0
  },
  "https://dev-app.mewurk.com/api/v1/companyservice/companylogo/namco" : {
    "transaction" : "https://dev-app.mewurk.com/api/v1/companyservice/companylogo/namco",
    "sampleCount" : 25,
    "errorCount" : 0,
    "errorPct" : 0.0,
    "meanResTime" : 5897.68,
    "minResTime" : 1783.0,
    "maxResTime" : 16108.0,
    "pct1ResTime" : 12696.200000000012,
    "pct2ResTime" : 16022.8,
    "pct3ResTime" : 16108.0,
    "throughput" : 0.1328451716093927,
    "receivedKBytesPerSec" : 0.048000696772925094,
    "sentKBytesPerSec" : 0.0
  },
  "https://dev-app.mewurk.com/api/v1/attendanceservice/clockindetails/getlastclockindetails" : {
    "transaction" : "https://dev-app.mewurk.com/api/v1/attendanceservice/clockindetails/getlastclockindetails",
    "sampleCount" : 25,
    "errorCount" : 0,
    "errorPct" : 0.0,
    "meanResTime" : 63082.72,
    "minResTime" : 32703.0,
    "maxResTime" : 90406.0,
    "pct1ResTime" : 80491.8,
    "pct2ResTime" : 87776.79999999999,
    "pct3ResTime" : 90406.0,
    "throughput" : 0.09161301197931744,
    "receivedKBytesPerSec" : 0.02970265622766933,
    "sentKBytesPerSec" : 0.0
  },
  "https://dev-app.mewurk.com/api/v1/documentservice/myfiles/getfiles" : {
    "transaction" : "https://dev-app.mewurk.com/api/v1/documentservice/myfiles/getfiles",
    "sampleCount" : 25,
    "errorCount" : 0,
    "errorPct" : 0.0,
    "meanResTime" : 61634.20000000001,
    "minResTime" : 12914.0,
    "maxResTime" : 174278.0,
    "pct1ResTime" : 113175.40000000005,
    "pct2ResTime" : 160474.39999999997,
    "pct3ResTime" : 174278.0,
    "throughput" : 0.13879712856500426,
    "receivedKBytesPerSec" : 0.10491111084893875,
    "sentKBytesPerSec" : 0.0
  },
  "https://dev-app.mewurk.com/api/v1/employeeservice/dashboard/employeestrength" : {
    "transaction" : "https://dev-app.mewurk.com/api/v1/employeeservice/dashboard/employeestrength",
    "sampleCount" : 25,
    "errorCount" : 0,
    "errorPct" : 0.0,
    "meanResTime" : 53724.8,
    "minResTime" : 36315.0,
    "maxResTime" : 72316.0,
    "pct1ResTime" : 63522.8,
    "pct2ResTime" : 69681.09999999999,
    "pct3ResTime" : 72316.0,
    "throughput" : 0.08536006582968277,
    "receivedKBytesPerSec" : 0.03301033795757263,
    "sentKBytesPerSec" : 0.0
  },
  "https://dev-app.mewurk.com/api/v1/attendanceservice/employeeface/getemployeeface/100000002078" : {
    "transaction" : "https://dev-app.mewurk.com/api/v1/attendanceservice/employeeface/getemployeeface/100000002078",
    "sampleCount" : 25,
    "errorCount" : 0,
    "errorPct" : 0.0,
    "meanResTime" : 436.36,
    "minResTime" : 170.0,
    "maxResTime" : 929.0,
    "pct1ResTime" : 839.4000000000002,
    "pct2ResTime" : 918.5,
    "pct3ResTime" : 929.0,
    "throughput" : 0.41546182736730153,
    "receivedKBytesPerSec" : 0.1347005143417423,
    "sentKBytesPerSec" : 0.0
  },
  "https://dev-app.mewurk.com/api/v1/companyservice/generalsetting/get" : {
    "transaction" : "https://dev-app.mewurk.com/api/v1/companyservice/generalsetting/get",
    "sampleCount" : 25,
    "errorCount" : 0,
    "errorPct" : 0.0,
    "meanResTime" : 495.96,
    "minResTime" : 88.0,
    "maxResTime" : 2464.0,
    "pct1ResTime" : 1796.4000000000024,
    "pct2ResTime" : 2459.2,
    "pct3ResTime" : 2464.0,
    "throughput" : 0.4188867665292718,
    "receivedKBytesPerSec" : 0.24380518833149023,
    "sentKBytesPerSec" : 0.0
  },
  "https://dev-app.mewurk.com/api/v1/userservice/user/GetTotalInvitationSentMail/100000002347" : {
    "transaction" : "https://dev-app.mewurk.com/api/v1/userservice/user/GetTotalInvitationSentMail/100000002347",
    "sampleCount" : 25,
    "errorCount" : 0,
    "errorPct" : 0.0,
    "meanResTime" : 98.56000000000002,
    "minResTime" : 35.0,
    "maxResTime" : 337.0,
    "pct1ResTime" : 225.4,
    "pct2ResTime" : 304.5999999999999,
    "pct3ResTime" : 337.0,
    "throughput" : 0.299007295778017,
    "receivedKBytesPerSec" : 0.17550326665470636,
    "sentKBytesPerSec" : 0.0
  },
  "https://dev-app.mewurk.com/api/v1/userservice/user/GetTotalInvitationSentMail/100000001973" : {
    "transaction" : "https://dev-app.mewurk.com/api/v1/userservice/user/GetTotalInvitationSentMail/100000001973",
    "sampleCount" : 25,
    "errorCount" : 0,
    "errorPct" : 0.0,
    "meanResTime" : 61.760000000000005,
    "minResTime" : 34.0,
    "maxResTime" : 137.0,
    "pct1ResTime" : 99.00000000000006,
    "pct2ResTime" : 130.1,
    "pct3ResTime" : 137.0,
    "throughput" : 0.38931713774040333,
    "receivedKBytesPerSec" : 0.22863257221832903,
    "sentKBytesPerSec" : 0.0
  },
  "https://dev-app.mewurk.com/api/v1/employeeservice/employeeprofileview/getsection/100000002347" : {
    "transaction" : "https://dev-app.mewurk.com/api/v1/employeeservice/employeeprofileview/getsection/100000002347",
    "sampleCount" : 25,
    "errorCount" : 25,
    "errorPct" : 100.0,
    "meanResTime" : 34.4,
    "minResTime" : 15.0,
    "maxResTime" : 122.0,
    "pct1ResTime" : 101.0,
    "pct2ResTime" : 115.69999999999999,
    "pct3ResTime" : 122.0,
    "throughput" : 0.37472270519815337,
    "receivedKBytesPerSec" : 0.09002127488158763,
    "sentKBytesPerSec" : 0.0
  },
  "https://dev-app.mewurk.com/api/v1/employeeservice/employeeprofileview/getsection/100000001973" : {
    "transaction" : "https://dev-app.mewurk.com/api/v1/employeeservice/employeeprofileview/getsection/100000001973",
    "sampleCount" : 25,
    "errorCount" : 25,
    "errorPct" : 100.0,
    "meanResTime" : 18.76,
    "minResTime" : 15.0,
    "maxResTime" : 29.0,
    "pct1ResTime" : 21.0,
    "pct2ResTime" : 26.599999999999994,
    "pct3ResTime" : 29.0,
    "throughput" : 0.4007052412245552,
    "receivedKBytesPerSec" : 0.09626317318480526,
    "sentKBytesPerSec" : 0.0
  },
  "https://dev-app.mewurk.com/api/v1/companyservice/company/checkcompanyinfo" : {
    "transaction" : "https://dev-app.mewurk.com/api/v1/companyservice/company/checkcompanyinfo",
    "sampleCount" : 25,
    "errorCount" : 0,
    "errorPct" : 0.0,
    "meanResTime" : 7596.28,
    "minResTime" : 552.0,
    "maxResTime" : 14795.0,
    "pct1ResTime" : 13918.400000000003,
    "pct2ResTime" : 14784.2,
    "pct3ResTime" : 14795.0,
    "throughput" : 0.33533640948599636,
    "receivedKBytesPerSec" : 0.12837096925635796,
    "sentKBytesPerSec" : 0.0
  },
  "https://dev-app.mewurk.com/api/v1/leaveservice/tenant/tenantcode" : {
    "transaction" : "https://dev-app.mewurk.com/api/v1/leaveservice/tenant/tenantcode",
    "sampleCount" : 25,
    "errorCount" : 0,
    "errorPct" : 0.0,
    "meanResTime" : 167.00000000000003,
    "minResTime" : 85.0,
    "maxResTime" : 353.0,
    "pct1ResTime" : 287.4,
    "pct2ResTime" : 333.49999999999994,
    "pct3ResTime" : 353.0,
    "throughput" : 0.43877354020043174,
    "receivedKBytesPerSec" : 0.17953722006248135,
    "sentKBytesPerSec" : 0.0
  },
  "https://dev-app.mewurk.com/api/v1/leaveservice/leavepolicy/getallleavepolicies" : {
    "transaction" : "https://dev-app.mewurk.com/api/v1/leaveservice/leavepolicy/getallleavepolicies",
    "sampleCount" : 25,
    "errorCount" : 0,
    "errorPct" : 0.0,
    "meanResTime" : 414.91999999999996,
    "minResTime" : 172.0,
    "maxResTime" : 1938.0,
    "pct1ResTime" : 617.0,
    "pct2ResTime" : 1546.199999999999,
    "pct3ResTime" : 1938.0,
    "throughput" : 0.43550972057696324,
    "receivedKBytesPerSec" : 0.9016412183819942,
    "sentKBytesPerSec" : 0.0
  },
  "https://dev-app.mewurk.com/api/v1/attendanceservice/dashboard/getreporteespendingrequests" : {
    "transaction" : "https://dev-app.mewurk.com/api/v1/attendanceservice/dashboard/getreporteespendingrequests",
    "sampleCount" : 25,
    "errorCount" : 0,
    "errorPct" : 0.0,
    "meanResTime" : 53808.68,
    "minResTime" : 41689.0,
    "maxResTime" : 75655.0,
    "pct1ResTime" : 68749.00000000001,
    "pct2ResTime" : 74575.0,
    "pct3ResTime" : 75655.0,
    "throughput" : 0.07976975258613538,
    "receivedKBytesPerSec" : 0.029446256325741382,
    "sentKBytesPerSec" : 0.0
  },
  "https://dev-app.mewurk.com/api/v1/searchservice/GlobalSearch" : {
    "transaction" : "https://dev-app.mewurk.com/api/v1/searchservice/GlobalSearch",
    "sampleCount" : 150,
    "errorCount" : 0,
    "errorPct" : 0.0,
    "meanResTime" : 78114.05999999998,
    "minResTime" : 9323.0,
    "maxResTime" : 100674.0,
    "pct1ResTime" : 100504.3,
    "pct2ResTime" : 100560.25,
    "pct3ResTime" : 100660.74,
    "throughput" : 0.2686963391019452,
    "receivedKBytesPerSec" : 5.115318800929153,
    "sentKBytesPerSec" : 0.0
  },
  "https://dev-app.mewurk.com/api/v1/userservice/user/getrolewisecount" : {
    "transaction" : "https://dev-app.mewurk.com/api/v1/userservice/user/getrolewisecount",
    "sampleCount" : 25,
    "errorCount" : 0,
    "errorPct" : 0.0,
    "meanResTime" : 87.64,
    "minResTime" : 31.0,
    "maxResTime" : 435.0,
    "pct1ResTime" : 197.40000000000015,
    "pct2ResTime" : 375.59999999999985,
    "pct3ResTime" : 435.0,
    "throughput" : 0.2999508080674769,
    "receivedKBytesPerSec" : 0.21774553973148406,
    "sentKBytesPerSec" : 0.0
  },
  "https://dev-app.mewurk.com/api/v1/attendanceservice/dashboard/yesterdayattendancesummary" : {
    "transaction" : "https://dev-app.mewurk.com/api/v1/attendanceservice/dashboard/yesterdayattendancesummary",
    "sampleCount" : 25,
    "errorCount" : 25,
    "errorPct" : 100.0,
    "meanResTime" : 52969.520000000004,
    "minResTime" : 27167.0,
    "maxResTime" : 122527.0,
    "pct1ResTime" : 116703.6,
    "pct2ResTime" : 120825.7,
    "pct3ResTime" : 122527.0,
    "throughput" : 0.0753186733067609,
    "receivedKBytesPerSec" : 0.03295191957170789,
    "sentKBytesPerSec" : 0.0
  },
  "https://dev-app.mewurk.com/api/v1/employeeservice/employee/getemployeeprofilelist/100000002078" : {
    "transaction" : "https://dev-app.mewurk.com/api/v1/employeeservice/employee/getemployeeprofilelist/100000002078",
    "sampleCount" : 25,
    "errorCount" : 0,
    "errorPct" : 0.0,
    "meanResTime" : 2493.64,
    "minResTime" : 919.0,
    "maxResTime" : 6326.0,
    "pct1ResTime" : 5989.6,
    "pct2ResTime" : 6294.2,
    "pct3ResTime" : 6326.0,
    "throughput" : 0.3948324331153858,
    "receivedKBytesPerSec" : 0.7241165130768502,
    "sentKBytesPerSec" : 0.0
  },
  "Total" : {
    "transaction" : "Total",
    "sampleCount" : 1475,
    "errorCount" : 135,
    "errorPct" : 9.152542,
    "meanResTime" : 28112.581016949207,
    "minResTime" : 15.0,
    "maxResTime" : 240097.0,
    "pct1ResTime" : 100267.2,
    "pct2ResTime" : 118599.60000000002,
    "pct3ResTime" : 213037.28,
    "throughput" : 0.8757388861313834,
    "receivedKBytesPerSec" : 11.132890309956647,
    "sentKBytesPerSec" : 0.0
  },
  "https://dev-app.mewurk.com/api/v1/attendanceservice/dashboard/todayattendancesummary" : {
    "transaction" : "https://dev-app.mewurk.com/api/v1/attendanceservice/dashboard/todayattendancesummary",
    "sampleCount" : 25,
    "errorCount" : 0,
    "errorPct" : 0.0,
    "meanResTime" : 135397.08000000002,
    "minResTime" : 51608.0,
    "maxResTime" : 180817.0,
    "pct1ResTime" : 170348.80000000002,
    "pct2ResTime" : 178516.6,
    "pct3ResTime" : 180817.0,
    "throughput" : 0.06821580205411423,
    "receivedKBytesPerSec" : 0.028080395392431866,
    "sentKBytesPerSec" : 0.0
  },
  "https://dev-app.mewurk.com/api/v1/leaveservice/dashboard/pendingrequest" : {
    "transaction" : "https://dev-app.mewurk.com/api/v1/leaveservice/dashboard/pendingrequest",
    "sampleCount" : 25,
    "errorCount" : 0,
    "errorPct" : 0.0,
    "meanResTime" : 104722.92,
    "minResTime" : 79513.0,
    "maxResTime" : 121848.0,
    "pct1ResTime" : 119436.8,
    "pct2ResTime" : 121143.9,
    "pct3ResTime" : 121848.0,
    "throughput" : 0.07303833636198968,
    "receivedKBytesPerSec" : 0.026533458131504064,
    "sentKBytesPerSec" : 0.0
  },
  "https://dev-app.mewurk.com/api/v1/userservice/user/GetTotalInvitationSentMail/100000002078" : {
    "transaction" : "https://dev-app.mewurk.com/api/v1/userservice/user/GetTotalInvitationSentMail/100000002078",
    "sampleCount" : 25,
    "errorCount" : 0,
    "errorPct" : 0.0,
    "meanResTime" : 69.44,
    "minResTime" : 33.0,
    "maxResTime" : 143.0,
    "pct1ResTime" : 130.60000000000002,
    "pct2ResTime" : 141.8,
    "pct3ResTime" : 143.0,
    "throughput" : 0.4011746393439993,
    "receivedKBytesPerSec" : 0.23554906265545517,
    "sentKBytesPerSec" : 0.0
  },
  "https://dev-app.mewurk.com/api/v1/leaveservice/leaveimport/getbannerstatus" : {
    "transaction" : "https://dev-app.mewurk.com/api/v1/leaveservice/leaveimport/getbannerstatus",
    "sampleCount" : 25,
    "errorCount" : 0,
    "errorPct" : 0.0,
    "meanResTime" : 356.32,
    "minResTime" : 81.0,
    "maxResTime" : 1976.0,
    "pct1ResTime" : 1947.6000000000001,
    "pct2ResTime" : 1970.0,
    "pct3ResTime" : 1976.0,
    "throughput" : 0.4391820673178273,
    "receivedKBytesPerSec" : 0.1788466035854824,
    "sentKBytesPerSec" : 0.0
  },
  "https://dev-app.mewurk.com/api/v1/employeeservice/dashboard/employeesoffboardingcount" : {
    "transaction" : "https://dev-app.mewurk.com/api/v1/employeeservice/dashboard/employeesoffboardingcount",
    "sampleCount" : 25,
    "errorCount" : 0,
    "errorPct" : 0.0,
    "meanResTime" : 32181.199999999997,
    "minResTime" : 21708.0,
    "maxResTime" : 45408.0,
    "pct1ResTime" : 42151.0,
    "pct2ResTime" : 44557.799999999996,
    "pct3ResTime" : 45408.0,
    "throughput" : 0.08726216696393978,
    "receivedKBytesPerSec" : 0.03314939741110603,
    "sentKBytesPerSec" : 0.0
  }
}